1000;3;5;200;0.001;10;100;53516.0;40952.58;50601.97;45004.78;47775.79;40952.58;50609.82;46001.95;45149.63;86.88459300994873;0.8629217720031739;0.019946813583374023;0.08776521682739258;0.09175467491149902;0.0014661192893981934;0.008397488594055176;0.10999574661254882;0.001565835475921631;0.40529590368270874;0.008906137943267823;0.11262872457504272;0.10580697059631347;0.11222980976104736
1000;3;5;200;0.001;10;100;53756.0;41624.02;50938.15;43022.73;48040.64;41624.02;50936.82;46706.45;46965.6;86.5544753074646;0.8629217720031739;0.015957117080688477;0.08676791191101074;0.09275197982788086;0.0015858101844787597;0.008367571830749512;0.10980627536773682;0.0015558719635009766;0.4049069309234619;0.008936061859130859;0.11229958295822144;0.10365275144577027;0.11209015846252442
1000;3;5;200;0.001;10;100;54221.33333333333;41392.04;51425.98;44844.09;48049.07;41392.04;51432.02;47070.77;46164.82;86.47867846488953;0.8629217720031739;0.015957355499267578;0.08676815032958984;0.09075689315795898;0.001535933017730713;0.008307721614837647;0.10977636337280273;0.001436171531677246;0.40503658771514894;0.008886196613311768;0.11246914863586426;0.10288480281829834;0.11199041366577149
1000;3;5;200;0.001;10;100;52127.0;39224.56;49136.55;40021.37;46341.31;39224.56;49138.27;45118.43;46542.44;86.39490270614624;0.8629217720031739;0.015957355499267578;0.08676838874816895;0.09175419807434082;0.0014960122108459472;0.00836761474609375;0.11028497219085694;0.0014760422706604005;0.4067620062828064;0.00895596981048584;0.11305758714675904;0.09828709125518799;0.11272847890853882
1000;3;5;200;0.001;10;100;53062.0;40146.09;50435.1;41674.37;47287.5;40146.09;50437.65;46366.69;45948.89;86.5195689201355;0.8629217720031739;0.015956878662109375;0.08776545524597168;0.09175467491149902;0.0014960074424743652;0.008357622623443604;0.1097065544128418;0.0015857625007629395;0.404787278175354;0.008856258392333984;0.11247910737991333;0.10328375101089478;0.11221981525421143
1000;3;5;200;0.001;10;100;52587.0;40107.81;49641.54;41703.78;46698.34;40107.81;49640.39;44867.12;45215.18;85.47935175895691;0.8629217720031739;0.01595759391784668;0.08776521682739258;0.09075713157653809;0.001515960693359375;0.008317708969116211;0.10963674545288087;0.0015658235549926758;0.40406917095184325;0.008995902538299561;0.11223979234695435;0.09412821531295776;0.11196051120758056
1000;3;5;200;0.001;10;100;53580.0;40727.0;50455.84;42688.51;47715.86;40727.0;50461.03;46363.04;46669.34;86.72202706336975;0.8629217720031739;0.015957117080688477;0.08776521682739258;0.09175467491149902;0.0015059995651245117;0.008347611427307128;0.10988605499267579;0.00153592586517334;0.40473739624023436;0.008945977687835694;0.11257885694503784;0.10488948345184326;0.11238937139511108
1000;3;5;200;0.001;10;100;53892.0;40856.53;50686.07;44349.42;47653.29;40856.53;50686.58;46063.57;45733.49;86.15055656433105;0.8629217720031739;0.01495981216430664;0.08676791191101074;0.09175443649291992;0.0014361858367919922;0.00832765817642212;0.109985830783844;0.001575779914855957;0.4041988205909729;0.008906145095825196;0.1125489354133606;0.10005237579345704;0.11197048187255859
1000;3;5;200;0.001;10;100;52813.0;40191.44;50027.96;42923.66;46912.93;40191.44;50030.79;44787.53;45710.95;85.91019892692566;0.8629217720031739;0.015957355499267578;0.08676767349243164;0.09175467491149902;0.0015059947967529298;0.00832768201828003;0.10951707124710083;0.0015159416198730468;0.40444817781448367;0.008886218070983887;0.11244917631149293;0.09785824537277221;0.11206022262573243
1000;3;5;200;0.001;10;100;53400.0;40473.86;50512.23;43780.03;47704.08;40473.86;50515.28;46483.43;46869.22;86.48865175247192;0.8629217720031739;0.015957355499267578;0.08776545524597168;0.09175443649291992;0.001406261920928955;0.008357589244842529;0.10963672637939453;0.0015558242797851563;0.404408323764801;0.008896129131317139;0.11247914791107178;0.10367271423339844;0.11185076236724853
1000;3;5;200;0.01;10;100;52633.333333333336;36907.45;49297.65;42500.42;47039.54;38563.73;49677.19;45365.49;43681.1;90.70736718177795;0.9036727738380432;0.019946575164794922;0.08776545524597168;0.09175467491149902;0.0014760661125183105;0.00818805694580078;0.1260129189491272;0.0014760661125183105;0.40475735187530515;0.010132825374603272;0.12864591121673585;0.09559427976608276;0.12823699712753295
1000;3;5;200;0.01;10;100;52990.75;36183.9;49668.23;41501.75;47043.44;37674.37;50064.32;45720.18;45217.46;91.03349471092224;0.9036727738380432;0.01495981216430664;0.08676815032958984;0.09175467491149902;0.001605699062347412;0.008227996826171875;0.12578351497650148;0.001575803756713867;0.40341092824935915;0.010112929344177245;0.1282669186592102;0.10102973461151123;0.12798765420913696
1000;3;5;200;0.01;10;100;53440.0;37275.5;50092.19;41117.48;47832.8;38652.0;50323.31;46295.52;46832.53;91.01554274559021;0.9036727738380432;0.015957355499267578;0.08676791191101074;0.09075736999511719;0.0014261722564697266;0.008337664604187011;0.12592318058013915;0.0014261674880981445;0.40351071119308474;0.010152792930603028;0.12833669424057007;0.10043136835098267;0.12798764705657958
1000;3;5;200;0.01;10;100;52924.0;37520.72;49639.72;41931.61;47064.56;39022.78;50052.88;45632.61;45283.27;90.99360156059265;0.9036727738380432;0.015957355499267578;0.08676815032958984;0.09075713157653809;0.0015259099006652832;0.008217980861663818;0.1257935357093811;0.001605653762817383;0.4034309530258179;0.010252509117126465;0.1285860323905945;0.09985291242599487;0.12816715955734254
1000;3;5;200;0.01;10;100;53080.0;38625.32;49778.25;41735.09;47347.17;39260.56;50115.69;46096.01;45675.29;91.11427903175354;0.9036727738380432;0.015957355499267578;0.08676815032958984;0.09175467491149902;0.0014560937881469727;0.008357617855072021;0.12585335969924927;0.0015159440040588379;0.4034508562088013;0.010162775516510009;0.12867577791213988;0.10107964754104615;0.12803751945495606
1000;3;5;200;0.01;10;100;53037.0;38391.17;49754.51;42735.78;47162.54;39643.86;50149.41;46060.12;46407.9;90.57871103286743;0.9036727738380432;0.015957117080688477;0.08676791191101074;0.09075713157653809;0.0015857863426208497;0.00826786994934082;0.1257835340499878;0.0015757918357849122;0.4033511471748352;0.010212624073028564;0.12854613542556761;0.09604310989379883;0.12804746150970459
1000;3;5;200;0.01;10;100;52503.0;36965.22;49165.56;41959.01;46710.9;37872.83;49570.75;45547.81;45093.83;90.9277777671814;0.9036727738380432;0.015957117080688477;0.08676815032958984;0.09075713157653809;0.001545875072479248;0.00830775022506714;0.1258234214782715;0.0015658164024353028;0.4034508466720581;0.010202646255493164;0.1284065556526184;0.09946394205093384;0.1281272840499878
1000;3;5;200;0.01;10;100;52591.0;36947.46;49112.22;42187.33;46573.48;38497.04;49568.37;45083.63;44193.59;91.58501935005188;0.9036727738380432;0.015957355499267578;0.08676791191101074;0.09175443649291992;0.0015658426284790039;0.008297786712646485;0.12603283643722535;0.0015558505058288574;0.40452797174453736;0.010242578983306884;0.12873563289642334;0.10413147449493408;0.12834664821624756
1000;3;5;200;0.01;10;100;53988.5;37304.23;50776.45;44478.21;48131.33;38753.42;51058.27;47014.24;45169.23;92.19040012359619;0.9036727738380432;0.015957355499267578;0.08676767349243164;0.09075736999511719;0.0015358805656433105;0.0082578706741333;0.1261725330352783;0.0015259194374084473;0.4047074556350708;0.010182733535766602;0.1288453483581543;0.10982626914978028;0.12843641757965088
1000;3;5;200;0.01;10;100;52641.0;35759.75;48988.37;42203.35;46556.99;37898.29;49494.61;44934.04;43913.63;90.56474924087524;0.9036727738380432;0.015957355499267578;0.08776521682739258;0.09275197982788086;0.0016356182098388671;0.008158156871795655;0.12571373462677002;0.001625673770904541;0.40349072456359864;0.010262494087219238;0.12830681085586548;0.0960131549835205;0.12812727689743042
1000;3;5;200;0.02;10;100;52292.666666666664;39697.09;48329.62;42435.5;46278.05;40915.08;49050.04;44552.42;43004.03;90.5707323551178;0.9033735680580139;0.019946575164794922;0.08776545524597168;0.09075736999511719;0.00140625;0.009075660705566407;0.12333009004592896;0.001486043930053711;0.40396948099136354;0.011130180358886719;0.12597302436828614;0.10111951112747192;0.12565389394760132
1000;3;5;200;0.02;10;100;52804.0;40135.48;48909.02;41941.91;47357.86;41547.06;49714.19;46158.79;44744.73;90.30245041847229;0.9033735680580139;0.01595759391784668;0.08676767349243164;0.09175467491149902;0.0015159678459167481;0.00918541669845581;0.12325030565261841;0.0015458869934082031;0.40370017051696777;0.011080329418182372;0.12588326930999755;0.09885556221008301;0.12559404373168945
1000;3;5;200;0.02;10;100;53729.0;41310.22;49803.34;43169.66;47980.28;41980.57;50540.45;46679.9;46191.91;90.35431146621704;0.9033735680580139;0.015957355499267578;0.08676767349243164;0.09175491333007812;0.0015259146690368651;0.0091455078125;0.12327024459838867;0.001545867919921875;0.40362040281295775;0.01105039119720459;0.1260628056526184;0.09927446842193603;0.12564389705657958
1000;3;5;200;0.02;10;100;52676.0;40572.57;48542.54;42836.62;46789.41;42067.65;49533.46;45354.53;44231.92;90.30245041847229;0.9033735680580139;0.015957355499267578;0.08676767349243164;0.08976006507873535;0.001515946388244629;0.009125549793243409;0.12333011865615845;0.0014860153198242188;0.4044681668281555;0.011150095462799072;0.12623236417770387;0.09756898880004883;0.12565388202667235
1000;3;5;200;0.02;10;100;53769.0;41114.5;49804.7;43138.51;48072.88;42237.97;50641.93;46584.69;45851.51;90.29048204421997;0.9033735680580139;0.015957117080688477;0.08676815032958984;0.09175467491149902;0.0015359115600585937;0.009115581512451171;0.12315057277679443;0.0015459132194519042;0.4033810114860535;0.011150143146514892;0.1257835340499878;0.09936419010162353;0.1254444408416748
1000;3;5;200;0.02;10;100;52002.5;40407.29;48363.62;39835.17;46457.43;41466.33;49050.83;44999.61;44771.31;90.13489866256714;0.9033735680580139;0.015957355499267578;0.08676815032958984;0.08975982666015625;0.0014461827278137206;0.009095642566680908;0.1230807375907898;0.0015957236289978027;0.4030220246315002;0.011060347557067871;0.12571372747421264;0.09852646112442016;0.12539456367492677
1000;3;5;200;0.02;10;100;53097.0;40845.82;48950.3;41776.82;47432.95;41934.9;49735.21;45809.17;44335.32;90.3523166179657;0.9033735680580139;0.015957117080688477;0.08577084541320801;0.09175443649291992;0.0015259528160095216;0.009115602970123291;0.12325028419494628;0.0014660978317260743;0.4039495158195496;0.011070315837860107;0.12615257501602173;0.09881571292877198;0.12572365283966064
1000;3;5;200;0.02;10;100;52745.0;39927.65;48551.85;42975.15;46848.19;40749.32;49485.61;45271.78;44310.54;89.7539176940918;0.9033735680580139;0.015957355499267578;0.0857706069946289;0.09175467491149902;0.001495985984802246;0.00907571792602539;0.1232004427909851;0.0015558552742004393;0.40340098381042483;0.01105036735534668;0.1256838321685791;0.09411822557449341;0.1255441999435425
1000;3;5;200;0.02;10;100;53149.0;39952.3;49041.97;43164.72;47264.98;41106.43;49894.31;45879.59;43861.82;90.43609261512756;0.9033735680580139;0.015957355499267578;0.08676767349243164;0.09275221824645996;0.0015059733390808106;0.009165408611297608;0.12321043968200683;0.0014660882949829102;0.4041888737678528;0.011100261211395264;0.125863356590271;0.09991271495819092;0.1255441999435425
1000;3;5;200;0.02;10;100;54077.0;41601.68;50178.57;44431.45;48328.01;42606.68;50967.45;46751.01;45543.21;90.53283405303955;0.9033735680580139;0.015957355499267578;0.08676791191101074;0.09275197982788086;0.001456143856048584;0.009125542640686036;0.12346970081329346;0.0015957522392272949;0.4042786502838135;0.011110241413116456;0.12593313455581664;0.10022193431854248;0.12572368621826172
1000;3;5;200;0.03;10;100;52865.0;40879.0;47259.49;41225.33;46850.67;42046.21;48855.14;45085.33;44658.06;106.68064045906067;1.0681428289413453;0.019946575164794922;0.08876252174377441;0.09275197982788086;0.0014559626579284668;0.009803757667541504;0.17683713912963867;0.0015257501602172852;0.4050067138671875;0.011888132095336915;0.17956984043121338;0.09898505210876465;0.17924069881439209
1000;3;5;200;0.03;10;100;52788.0;41770.09;47586.89;41079.51;46692.72;42315.31;49250.5;45124.11;44339.61;106.50411224365234;1.0681428289413453;0.015956878662109375;0.08676815032958984;0.09175443649291992;0.0015058493614196777;0.00976384162902832;0.17695677995681763;0.0015257930755615235;0.40494685411453246;0.011828315258026124;0.1795698285102844;0.09718984842300415;0.1793404459953308
1000;3;5;200;0.03;10;100;51944.0;40846.21;46507.48;42610.01;45964.71;41752.55;48214.51;44649.49;43591.5;106.32359528541565;1.0681428289413453;0.015957355499267578;0.08676791191101074;0.09175443649291992;0.0013662815093994141;0.009813699722290039;0.1770964002609253;0.001465926170349121;0.4050366449356079;0.011888148784637452;0.17962965965270997;0.09491594791412354;0.1794401502609253
1000;3;5;200;0.03;10;100;52780.6;41586.13;47424.82;43198.24;46655.88;42201.41;49183.52;45374.22;44781.28;106.31461954116821;1.0681428289413453;0.015957355499267578;0.08776521682739258;0.09175443649291992;0.0014959025382995607;0.009833650588989258;0.17716622114181518;0.0015656805038452147;0.4055552268028259;0.011838297843933105;0.17975929975509644;0.09415798425674439;0.17934042930603028
1000;3;5;200;0.03;10;100;52604.0;41136.1;47284.2;41185.05;46604.16;42212.15;48956.39;45144.4;43529.37;106.51907253265381;1.0681428289413453;0.015957117080688477;0.08776521682739258;0.09275221824645996;0.0014260601997375488;0.00982372760772705;0.17672739028930665;0.0014958453178405761;0.404966824054718;0.011858232021331787;0.17922075510025023;0.09787802457809448;0.17930054187774658
1000;3;5;200;0.03;10;100;53235.0;41379.88;48125.34;41804.29;47305.65;42402.64;49667.69;45689.78;44953.64;106.72851181030273;1.0681428289413453;0.015956878662109375;0.08676815032958984;0.09275197982788086;0.0015258264541625976;0.009823665618896485;0.1766974925994873;0.0016056036949157716;0.40538568019866944;0.011828272342681885;0.17938036918640138;0.09964330434799194;0.179011287689209
1000;3;5;200;0.03;10;100;52888.0;42116.05;48119.03;41856.91;47389.5;43026.0;49688.61;46075.59;43668.32;106.45923256874084;1.0681428289413453;0.015957355499267578;0.0857703685760498;0.09275174140930176;0.0014958739280700683;0.009773855209350585;0.17714627742767333;0.0015357351303100586;0.40422878980636595;0.011828277111053467;0.17974936246871948;0.09717990875244141;0.17921078443527222
1000;3;5;200;0.03;10;100;52961.0;41714.24;47518.49;41152.21;46702.62;43316.83;49344.95;45607.4;44381.95;106.10916924476624;1.0681428289413453;0.015957117080688477;0.08676791191101074;0.09175419807434082;0.0014659714698791503;0.009743895530700684;0.17654785871505738;0.0016155385971069337;0.4041390252113342;0.011848263740539551;0.17931052207946777;0.09521514654159546;0.1788118577003479
1000;3;5;200;0.03;10;100;53217.0;42618.76;48212.46;42118.52;47380.74;43324.27;49816.59;45977.25;43847.29;106.78037333488464;1.0681428289413453;0.015957117080688477;0.08676791191101074;0.09175467491149902;0.0014560389518737792;0.009823670387268066;0.17677724361419678;0.001575634479522705;0.40473743677139284;0.011878163814544677;0.1797094750404358;0.1000322437286377;0.17922073364257812
1000;3;5;200;0.03;10;100;53633.0;42827.28;48299.56;44836.57;47926.97;43980.9;50464.17;46743.17;43903.17;107.00976014137268;1.0681428289413453;0.015957355499267578;0.08776545524597168;0.09075689315795898;0.001505866050720215;0.009883518218994141;0.17714624166488646;0.0015258026123046876;0.4056748938560486;0.011878154277801513;0.1799588131904602;0.10038135528564453;0.1796894884109497
1000;3;5;200;0.04;10;100;52060.0;41754.94;46159.67;41226.56;46289.77;42642.05;48327.47;45078.89;43007.77;90.10697269439697;0.8901688861846924;0.020943641662597656;0.08776545524597168;0.09275150299072266;0.0014561128616333008;0.01065150260925293;0.12021839618682861;0.0015259456634521484;0.4047373676300049;0.012795760631561279;0.12264194250106812;0.10204702377319336;0.12240257978439331
1000;3;5;200;0.04;10;100;53127.5;43167.09;47342.49;43947.37;47656.08;44012.26;49508.94;46131.4;43524.08;89.09168863296509;0.8901688861846924;0.015957355499267578;0.08776545524597168;0.09075713157653809;0.0014561557769775392;0.010651462078094483;0.12003886938095093;0.0015059518814086914;0.40316163539886474;0.012626206874847412;0.1222829270362854;0.09475649833679199;0.12200364589691162
1000;3;5;200;0.04;10;100;53305.0;43068.63;47211.28;42712.69;47516.36;43716.71;49586.01;46207.66;43761.49;90.5158793926239;0.8901688861846924;0.016954898834228516;0.08676791191101074;0.09175467491149902;0.001486034393310547;0.010641493797302247;0.12021841287612915;0.0014960193634033204;0.40408912897109983;0.012715959548950195;0.1227915096282959;0.10698384761810303;0.1222330379486084
1000;3;5;200;0.04;10;100;53035.0;43207.41;47046.13;41683.58;47280.8;43407.12;49181.79;45489.38;44143.47;89.19940090179443;0.8901688861846924;0.015956878662109375;0.08577084541320801;0.09275150299072266;0.0014960360527038574;0.010631508827209472;0.11994915962219238;0.001545848846435547;0.40387969255447387;0.012626204490661621;0.1227516508102417;0.09440747261047364;0.12225299119949341
1000;3;5;200;0.04;10;100;52373.0;42047.75;46403.54;42398.8;46552.35;42493.2;48559.25;45288.05;43487.55;89.46269631385803;0.8901688861846924;0.015957117080688477;0.08676815032958984;0.09075736999511719;0.0014461421966552735;0.010661444664001464;0.12029821872711181;0.0016356301307678222;0.40300205707550046;0.01260619878768921;0.12255219459533691;0.09796796798706055;0.12208341360092163
1000;3;5;200;0.04;10;100;52753.0;41993.27;46499.3;43879.92;46858.7;42834.81;48874.43;45005.39;43465.19;89.07174253463745;0.8901688861846924;0.01495981216430664;0.08676791191101074;0.09175467491149902;0.001486053466796875;0.01060161828994751;0.12010867595672607;0.0014960169792175293;0.40375006675720215;0.012705929279327392;0.12262202501296997;0.09324059486389161;0.1222230577468872
1000;3;5;200;0.04;10;100;52492.0;42559.69;46406.34;41180.39;46537.48;43363.64;48577.91;45185.13;44309.24;89.50059509277344;0.8901688861846924;0.015957117080688477;0.08776545524597168;0.0937490463256836;0.0014960098266601563;0.010651481151580811;0.12009872674942017;0.0015159320831298828;0.40367029428482054;0.012616202831268311;0.1225521993637085;0.09769866466522217;0.12221306085586547
1000;3;5;200;0.04;10;100;53245.0;42322.6;47029.87;40483.05;47351.02;42983.22;49361.73;45368.08;44384.63;90.31242370605469;0.8901688861846924;0.015957117080688477;0.08676815032958984;0.09175419807434082;0.0015359377861022948;0.01055173397064209;0.11994913339614868;0.0015059733390808106;0.4037002182006836;0.012735886573791504;0.1226119875907898;0.10581698894500732;0.12227290868759155
1000;3;5;200;0.04;10;100;53358.0;42869.75;47135.22;42944.23;47453.48;43804.96;49275.79;46328.9;43509.32;89.82871747016907;0.8901688861846924;0.015957355499267578;0.08676791191101074;0.09275174140930176;0.0014960241317749023;0.010641486644744872;0.11987933158874511;0.001595757007598877;0.40344087839126586;0.012745850086212158;0.12228289365768433;0.10143868923187256;0.12229286432266236
1000;3;5;200;0.04;10;100;52577.0;42164.22;46506.95;41553.47;46477.94;42766.5;48787.98;45017.52;43810.43;89.21136856079102;0.8901688861846924;0.015957117080688477;0.08676815032958984;0.09175467491149902;0.0014062070846557618;0.01065150260925293;0.11988932132720947;0.0015757918357849122;0.40338103771209716;0.01269597053527832;0.12233278274536133;0.09570402383804322;0.1220136308670044
1000;3;5;200;0.05;10;100;53504.0;42409.54;46098.6;42168.96;47746.09;43235.15;49202.76;46473.23;42936.65;97.87319850921631;0.978602340221405;0.019945859909057617;0.11369609832763672;0.09275174140930176;0.0015159916877746581;0.01138948678970337;0.14644824504852294;0.0014660787582397462;0.4046376824378967;0.013424057960510254;0.14900144577026367;0.09915475845336914;0.14890169620513916
1000;3;5;200;0.05;10;100;53210.75;44229.91;46387.63;42924.69;47757.54;44814.4;49421.27;46640.36;42872.7;97.68270874023438;0.978602340221405;0.015957117080688477;0.08676815032958984;0.09175467491149902;0.0014461255073547363;0.011499252319335938;0.14618895292282105;0.0015059709548950195;0.40409908056259153;0.013424041271209717;0.14934051513671875;0.09833700895309448;0.14851273059844972
1000;3;5;200;0.05;10;100;52940.0;42853.8;45856.37;41508.74;47309.4;43520.55;49013.48;45663.45;43242.73;97.45033049583435;0.978602340221405;0.01495981216430664;0.08776569366455078;0.09175443649291992;0.0015159678459167481;0.011429388523101807;0.1464482593536377;0.0014560747146606446;0.4037700009346008;0.013414084911346436;0.148802011013031;0.09694067239761353;0.14833322286605835
1000;3;5;200;0.05;10;100;52677.0;41996.98;45002.92;43423.45;46646.88;42987.88;48355.2;45107.12;41824.48;97.38251161575317;0.978602340221405;0.01595759391784668;0.08676767349243164;0.09175443649291992;0.001436145305633545;0.011449346542358399;0.14619891166687013;0.0014760828018188477;0.40470746278762815;0.013473916053771972;0.1490812349319458;0.0949958872795105;0.14849281072616577
1000;3;5;200;0.05;10;100;53218.0;43423.71;45626.02;43718.97;47165.67;44163.58;48975.48;45296.16;42999.58;97.52712535858154;0.978602340221405;0.015957355499267578;0.08776545524597168;0.09175443649291992;0.0014261627197265626;0.011519134044647217;0.1464482855796814;0.0015558433532714844;0.40515627145767213;0.013394129276275635;0.14907123804092406;0.09543474197387695;0.1486523723602295
1000;3;5;200;0.05;10;100;52414.0;42556.86;45398.18;41795.45;46715.88;43408.15;48437.66;45228.0;42043.96;97.83430314064026;0.978602340221405;0.016954660415649414;0.08676791191101074;0.09175443649291992;0.0015160107612609863;0.011409430503845215;0.1462787175178528;0.001525895595550537;0.404787278175354;0.013414080142974854;0.14929065942764283;0.09838680267333984;0.149220871925354
1000;3;5;200;0.05;10;100;53589.0;43691.7;46556.01;42135.73;47979.48;44273.22;49658.34;46791.53;43845.46;98.24819612503052;0.978602340221405;0.01595759391784668;0.08776521682739258;0.09075713157653809;0.0014561223983764649;0.011489248275756836;0.14641830444335938;0.001595773696899414;0.4049368810653686;0.013463916778564454;0.14930063962936402;0.10269531488418579;0.14866232633590698
1000;3;5;200;0.05;10;100;52630.0;43637.83;45542.83;42164.62;46761.45;44140.32;48624.44;45573.89;43031.47;97.65378642082214;0.978602340221405;0.014959573745727539;0.08776545524597168;0.09175443649291992;0.0014561820030212403;0.011489198207855225;0.1465081238746643;0.0015558266639709472;0.40501667737960817;0.013424034118652345;0.14915107011795045;0.0963322901725769;0.14908120393753052
1000;3;5;200;0.05;10;100;52435.0;43647.53;45300.24;42699.31;46610.9;44267.12;48498.39;45916.16;42864.47;97.6478021144867;0.978602340221405;0.015957355499267578;0.08776569366455078;0.09175443649291992;0.0014361977577209474;0.01150916337966919;0.1462886667251587;0.0014960169792175293;0.4050067090988159;0.013493828773498535;0.14897153854370118;0.09690077781677246;0.14887178659439088
1000;3;5;200;0.05;10;100;53194.0;43262.43;45572.61;41993.57;47216.09;43976.44;48933.16;45350.54;42983.13;98.05670857429504;0.978602340221405;0.015957355499267578;0.08676791191101074;0.09275197982788086;0.0014860653877258301;0.011369526386260986;0.1464083743095398;0.0014960241317749023;0.4049168944358826;0.013414089679718017;0.14913107633590697;0.10093005418777466;0.1488916826248169
1000;3;5;200;0.075;10;100;52686.0;42075.75;41903.35;41921.68;46592.45;43861.88;47275.15;45247.09;41638.19;86.92548298835754;0.8610966539382935;0.019946575164794922;0.08876252174377441;0.09175443649291992;0.0015358734130859375;0.013364229202270508;0.10850973844528199;0.0015658259391784668;0.4047872972488403;0.015568265914916992;0.11114272356033325;0.09957365274429321;0.1107138729095459
1000;3;5;200;0.075;10;100;53317.0;43124.25;43152.19;43618.61;47667.56;44522.45;48331.45;46341.38;41934.1;86.57342505455017;0.8610966539382935;0.014959335327148438;0.08676791191101074;0.09075713157653809;0.0014860415458679199;0.013513803482055664;0.10808088302612305;0.001625664234161377;0.40305194139480593;0.015348868370056152;0.11086344242095947;0.09893537044525147;0.11038475275039673
1000;3;5;200;0.075;10;100;53315.0;42363.42;43032.09;43047.54;47194.92;43932.82;47931.17;44914.76;42273.28;86.57242798805237;0.8610966539382935;0.015957355499267578;0.08676838874816895;0.09075689315795898;0.001436169147491455;0.013374187946319581;0.10836013555526733;0.0015558314323425293;0.4036902570724487;0.015488483905792237;0.11072384357452393;0.09815741062164307;0.11050442934036254
1000;3;5;200;0.075;10;100;53342.0;43413.96;43324.49;43309.61;47717.79;45148.74;48401.21;46138.98;41580.73;86.33306789398193;0.8610966539382935;0.01495981216430664;0.08676815032958984;0.09175443649291992;0.0014760851860046386;0.01338418960571289;0.10841001272201538;0.0015358638763427735;0.40392959117889404;0.015388789176940918;0.11083350658416748;0.09545470714569092;0.1105043911933899
1000;3;5;200;0.075;10;100;53269.0;43136.48;43296.44;43178.62;47588.69;45151.34;48395.13;46406.96;42387.39;87.15786170959473;0.8610966539382935;0.019946813583374023;0.08676791191101074;0.0937492847442627;0.001506030559539795;0.013344244956970215;0.10834023475646973;0.0014162111282348634;0.40359050512313843;0.015448594093322754;0.11094325065612792;0.10399182081222534;0.11038470506668091
1000;3;5;200;0.075;10;100;52932.0;43354.05;42580.84;42755.86;47199.18;45170.29;47914.99;45810.82;41496.68;86.55148363113403;0.8610966539382935;0.015956878662109375;0.08676815032958984;0.09175467491149902;0.0014960408210754395;0.013483874797821045;0.10855962038040161;0.0015658307075500488;0.40450801849365237;0.01544862985610962;0.11099311828613281;0.09636222600936889;0.11064401865005494
1000;3;5;200;0.075;10;100;53959.5;42975.2;43485.1;42942.76;47773.48;44654.68;48614.01;45928.65;42433.52;87.31045365333557;0.8610966539382935;0.015957117080688477;0.08676815032958984;0.09075689315795898;0.001466083526611328;0.013304393291473388;0.10846987247467041;0.0015657973289489747;0.40419884204864504;0.01540874719619751;0.11092325448989868;0.10471993923187256;0.11060412168502808
1000;3;5;200;0.075;10;100;52449.0;43439.86;42959.31;40928.34;46891.26;44822.34;47751.33;45589.38;42679.97;86.99031019210815;0.8610966539382935;0.015957117080688477;0.08776545524597168;0.09175443649291992;0.0015458202362060548;0.013304402828216553;0.108419988155365;0.0015259289741516113;0.4038198733329773;0.015388796329498291;0.11072379350662231;0.1024359941482544;0.11032493114471435
1000;3;5;200;0.075;10;100;52268.0;42316.28;42214.47;41036.69;46777.16;44400.27;47623.28;45315.05;41019.12;86.38692355155945;0.8610966539382935;0.015957117080688477;0.08676743507385254;0.09175467491149902;0.0014261579513549804;0.013334343433380127;0.10807092189788818;0.0014760589599609375;0.4025931477546692;0.015398759841918946;0.1106739616394043;0.0981574010848999;0.11020525217056275
1000;3;5;200;0.075;10;100;52370.0;42337.77;42400.93;40759.46;46546.93;44090.48;47228.69;45113.44;41818.44;86.30713725090027;0.8610966539382935;0.015956878662109375;0.08676815032958984;0.09275197982788086;0.0014860677719116212;0.013364210128784179;0.10823048830032349;0.0014561200141906738;0.4037101554870606;0.015368812084197998;0.11061410903930664;0.09604311943054199;0.11028500556945801
1000;3;5;200;0.1;10;100;52850.0;42199.33;40279.14;42776.53;47106.27;44707.28;47052.34;45903.85;40270.65;96.71030950546265;0.9682998967170715;0.019946813583374023;0.08876252174377441;0.09175443649291992;0.0014162254333496094;0.015418691635131836;0.14035459280014037;0.0016156792640686034;0.405166277885437;0.01746323108673096;0.14259857177734375;0.09803775310516358;0.14242900848388673
1000;3;5;200;0.1;10;100;53400.0;41713.98;40476.37;42554.63;47625.54;44138.46;47309.86;46026.35;40203.17;96.62055039405823;0.9682998967170715;0.019946813583374023;0.08776545524597168;0.09175443649291992;0.001545858383178711;0.015289084911346435;0.14004543542861939;0.0014859962463378907;0.40452794790267943;0.017373518943786623;0.14254867792129516;0.09864617347717285;0.14225944995880127
1000;3;5;200;0.1;10;100;52875.0;42244.32;40187.64;42203.88;47025.37;44144.06;46802.04;45541.63;41135.62;96.27547287940979;0.9682998967170715;0.014960050582885742;0.08776521682739258;0.09175443649291992;0.0014560842514038086;0.01533893346786499;0.14042439460754394;0.0015358781814575194;0.40503663301467896;0.017423326969146728;0.1426783776283264;0.0937392282485962;0.1425786328315735
1000;3;5;200;0.1;10;100;53809.0;42165.27;40703.25;42172.31;48084.23;44804.41;47875.21;46379.41;41235.93;96.35825157165527;0.9682998967170715;0.015957355499267578;0.08776569366455078;0.09275150299072266;0.001565852165222168;0.015269122123718261;0.14010523796081542;0.0014860653877258301;0.40393954277038574;0.017333550453186033;0.1423891282081604;0.09662154197692871;0.14254868268966675
1000;3;5;200;0.1;10;100;52475.0;42683.57;40116.65;42522.18;47096.32;44625.89;46991.58;45608.74;39916.21;96.46197438240051;0.9682998967170715;0.015957355499267578;0.0857706069946289;0.09275197982788086;0.0015259337425231933;0.015338947772979736;0.1402249240875244;0.001605687141418457;0.4044881010055542;0.01730363130569458;0.1428878140449524;0.0964819097518921;0.14231929540634156
1000;3;5;200;0.1;10;100;53659.0;42434.03;40515.55;44202.39;47649.02;44875.94;47321.72;46080.64;40812.25;96.70432591438293;0.9682998967170715;0.015957117080688477;0.08676791191101074;0.09275197982788086;0.0014859676361083985;0.015339009761810303;0.14007527828216554;0.0016057109832763672;0.4044781017303467;0.017333602905273436;0.14286782026290892;0.09903508186340332;0.142419056892395
1000;3;5;200;0.1;10;100;53390.0;42822.64;40541.96;42855.09;47450.18;45230.01;47252.48;46339.02;41164.43;96.72726464271545;0.9682998967170715;0.015957117080688477;0.08676791191101074;0.09275221824645996;0.0015957283973693848;0.015289061069488526;0.14000551223754884;0.0015956997871398927;0.40374011278152466;0.017363457679748534;0.14272822618484496;0.10006237745285035;0.14249882221221924
1000;3;5;200;0.1;10;100;53539.0;42774.58;40117.27;44451.17;47399.16;45523.21;47327.74;46002.08;40064.2;96.77214431762695;0.9682998967170715;0.015957355499267578;0.08676815032958984;0.09275150299072266;0.0015059685707092285;0.01532892942428589;0.14007531642913817;0.0015358972549438478;0.4046676349639893;0.017433297634124757;0.1426484203338623;0.09962352991104126;0.14236918926239014
1000;3;5;200;0.1;10;100;54229.0;43636.65;41363.69;44582.39;48500.24;45902.91;48348.37;47247.67;42119.19;96.39216089248657;0.9682998967170715;0.015957117080688477;0.08676815032958984;0.09275174140930176;0.0015259194374084473;0.015289061069488526;0.14010526180267335;0.0015657830238342285;0.4045180368423462;0.017423324584960938;0.14273818016052245;0.095923433303833;0.14235918283462523
1000;3;5;200;0.1;10;100;53228.0;42930.18;40464.45;42997.84;47351.53;45264.89;47187.16;46218.14;40517.45;97.02546691894531;0.9682998967170715;0.014960050582885742;0.08776521682739258;0.09175467491149902;0.0014760303497314453;0.015438687801361085;0.14017504453659058;0.0015358972549438478;0.4051164102554321;0.017443253993988037;0.1426783871650696;0.10147855043411255;0.14249881505966186
1000;3;5;200;0.125;10;100;52266.0;39660.76;36643.93;41443.24;46427.08;43355.81;44964.17;45193.39;38493.47;80.7659592628479;0.8017354393005371;0.019946575164794922;0.08776545524597168;0.09275197982788086;0.0015259337425231933;0.01721396207809448;0.08517213582992554;0.0016156983375549315;0.40310178995132445;0.019238502979278566;0.08738626480102539;0.10259552478790283;0.08727655172348023
1000;3;5;200;0.125;10;100;53142.0;40418.58;37428.93;42129.62;47411.35;44293.09;46181.53;45572.87;39063.2;79.7407021522522;0.8017354393005371;0.015957117080688477;0.08676815032958984;0.09175443649291992;0.001515963077545166;0.01727376937866211;0.08502253532409668;0.0015558552742004393;0.40322146654129026;0.019368155002593992;0.0873962140083313;0.09248265027999877;0.08714684963226318
1000;3;5;200;0.125;10;100;52646.5;39520.48;36728.38;41971.98;46811.46;43411.69;45559.79;44903.18;38366.57;80.13265323638916;0.8017354393005371;0.01495981216430664;0.08676767349243164;0.09075713157653809;0.0014860391616821288;0.017263808250427247;0.08494277000427246;0.0015358901023864746;0.4030519437789917;0.019268388748168944;0.08745601654052734;0.09678117036819459;0.0870671033859253
1000;3;5;200;0.125;10;100;54186.0;41951.89;38509.27;43188.58;48660.96;45890.36;47185.52;47439.02;40364.95;80.85970854759216;0.8017354393005371;0.015957355499267578;0.08676791191101074;0.09075736999511719;0.0015359044075012207;0.017263803482055664;0.08512228965759278;0.0014561200141906738;0.403141655921936;0.019288363456726073;0.08730644941329956;0.10401181697845459;0.08710697650909424
1000;3;5;200;0.125;10;100;52593.0;40490.5;37384.55;41584.18;46831.35;44010.11;45731.78;45686.97;39475.15;80.58344769477844;0.8017354393005371;0.015957355499267578;0.08676767349243164;0.09175467491149902;0.0015957450866699219;0.017193984985351563;0.08501261949539185;0.0016056680679321289;0.40318157434463503;0.01930830717086792;0.08730648279190063;0.1012691068649292;0.08696736097335815
1000;3;5;200;0.125;10;100;52970.0;40758.55;37160.75;42363.01;47216.37;44299.08;45726.82;45595.31;39196.95;79.72873377799988;0.8017354393005371;0.014960527420043945;0.08577084541320801;0.09275197982788086;0.0014261937141418458;0.017363545894622804;0.08486297130584716;0.0014760446548461913;0.4030319833755493;0.019368159770965575;0.08723662853240967;0.09286162614822388;0.08711695432662964
1000;3;5;200;0.125;10;100;53639.0;40649.34;37763.62;41705.39;47854.6;44912.22;46572.38;46265.91;39065.19;80.25333070755005;0.8017354393005371;0.015957355499267578;0.08676791191101074;0.09075713157653809;0.0015458965301513672;0.01722388982772827;0.08498269319534302;0.001495966911315918;0.40288238525390624;0.01925846338272095;0.08721669673919678;0.09841673851013183;0.08705710172653199
1000;3;5;200;0.125;10;100;52196.666666666664;40909.38;37026.68;41829.82;46599.64;44315.48;45302.87;45270.02;39453.64;79.82348036766052;0.8017354393005371;0.015957355499267578;0.08676791191101074;0.11070394515991211;0.0014761066436767578;0.017303645610809326;0.08499265670776367;0.0015758132934570312;0.40283247709274295;0.019248461723327635;0.08755581855773925;0.09347995281219483;0.08719675540924073
1000;3;5;200;0.125;10;100;53384.0;39740.85;36949.5;41740.12;47219.56;43759.39;45565.68;45158.92;38174.29;80.09475469589233;0.8017354393005371;0.015957355499267578;0.08676791191101074;0.09275174140930176;0.0013863015174865722;0.017263784408569335;0.08500261068344116;0.001565859317779541;0.4035605335235596;0.019318258762359618;0.08732642650604248;0.09588351726531982;0.0871368932723999
1000;3;5;200;0.125;10;100;52691.0;39872.54;37110.96;41248.14;46941.57;43569.64;45577.91;45320.17;38902.34;80.37400794029236;0.8017354393005371;0.019946813583374023;0.08676791191101074;0.09175443649291992;0.0015657734870910644;0.017164080142974852;0.08495276212692261;0.001515946388244629;0.4033810305595398;0.01925844430923462;0.08727657556533813;0.098965265750885;0.08715687036514282
1000;3;5;200;0.15;10;100;53629.0;39672.58;35006.76;44270.37;47451.06;44280.6;45013.53;46534.36;35729.51;85.80448150634766;0.8541651964187622;0.01994609832763672;0.08876299858093262;0.09175419807434082;0.0015259480476379394;0.019228544235229492;0.09999253034591675;0.001575775146484375;0.4050066590309143;0.02124314069747925;0.10235622882843018;0.1024659013748169;0.10212679862976075
1000;3;5;200;0.15;10;100;53125.0;38158.55;34347.31;41884.0;46815.06;42709.99;44154.61;44869.19;36668.24;84.65854692459106;0.8541651964187622;0.015957117080688477;0.08676791191101074;0.09175443649291992;0.0014162898063659669;0.019218556880950928;0.0995836043357849;0.001605699062347412;0.40435845851898194;0.021103463172912597;0.1021068811416626;0.0926322317123413;0.10200707912445069
1000;3;5;200;0.15;10;100;53697.0;39632.82;34942.61;43093.05;47624.22;44304.92;45132.39;46334.53;38255.1;85.3796181678772;0.8541651964187622;0.014959335327148438;0.08776545524597168;0.09175467491149902;0.0015060114860534668;0.01923846960067749;0.09983299255371093;0.0015957093238830567;0.4044581699371338;0.021243083477020263;0.10221659660339355;0.09924454689025879;0.10197721481323242
1000;3;5;200;0.15;10;100;52932.8;39310.74;34883.39;40753.99;47399.3;43515.18;44896.13;45666.85;37813.5;85.4983012676239;0.8541651964187622;0.01595759391784668;0.08676791191101074;0.09075736999511719;0.0016356730461120606;0.019158689975738524;0.09986288785934448;0.0015558290481567383;0.404877028465271;0.021193265914916992;0.10236619472503662;0.09989281415939331;0.10213678121566773
1000;3;5;200;0.15;10;100;53364.0;39012.6;34405.99;43469.24;47319.03;44063.36;44626.76;46210.81;35498.85;85.66884446144104;0.8541651964187622;0.014960289001464844;0.08676767349243164;0.09275221824645996;0.0014760160446166991;0.019298360347747803;0.10002246379852295;0.0015359044075012207;0.4039295601844788;0.021233172416687013;0.1020171332359314;0.10269529104232789;0.10204699993133545
1000;3;5;200;0.15;10;100;53626.0;39366.29;35098.91;42942.11;47875.48;44383.65;45299.71;46460.96;37653.01;85.69477534294128;0.8541651964187622;0.01595759391784668;0.08676767349243164;0.09175467491149902;0.0015060067176818847;0.019208557605743408;0.09989281892776489;0.0015857505798339843;0.4041689229011536;0.021213173866271973;0.10220664262771606;0.10273518562316894;0.10194731235504151
1000;3;5;200;0.15;10;100;52133.0;38747.52;34496.52;40433.67;46426.21;43020.08;44140.07;44796.14;36469.97;85.2968397140503;0.8541651964187622;0.014959335327148438;0.08676767349243164;0.09175467491149902;0.0015259742736816405;0.019228501319885252;0.09954373598098755;0.0014560770988464354;0.4035506200790405;0.021213181018829345;0.10192737817764282;0.10013213157653808;0.1019074034690857
1000;3;5;200;0.15;10;100;52770.0;39298.5;34417.18;41969.15;46896.49;43536.0;44470.87;45884.55;36292.0;85.61498880386353;0.8541651964187622;0.01595759391784668;0.08676791191101074;0.09275174140930176;0.0013962674140930176;0.019228522777557374;0.10013216972351074;0.0014760518074035645;0.4052959251403809;0.02118328809738159;0.10292468547821045;0.09961355686187744;0.10232628345489501
1000;3;5;200;0.15;10;100;52672.0;37724.01;34088.94;42152.3;46548.55;42235.82;43850.15;44909.58;37336.49;85.58506870269775;0.8541651964187622;0.015957355499267578;0.08776521682739258;0.09275174140930176;0.0014461421966552735;0.019308302402496338;0.10029170513153077;0.001515974998474121;0.4056250047683716;0.02124316930770874;0.10260550737380982;0.09902513265609741;0.10225648880004883
1000;3;5;200;0.15;10;100;53171.0;38293.62;34379.35;44380.77;47390.49;43280.65;44735.75;45828.79;35840.77;85.610999584198;0.8541651964187622;0.015957355499267578;0.08676791191101074;0.09175467491149902;0.0014860486984252929;0.019218559265136718;0.09993271350860596;0.0015159440040588379;0.40452797412872316;0.021193268299102782;0.10237616777420044;0.10118931770324707;0.10224647045135499
1000;3;5;200;0.2;10;100;52988.0;36180.14;30615.03;41705.65;47659.64;42735.87;42982.28;46324.1;33522.42;95.0916395187378;0.9500088238716126;0.019946575164794922;0.08776521682739258;0.09175467491149902;0.0015059661865234374;0.023217866420745848;0.1291146183013916;0.0015957522392272949;0.40514631748199464;0.025132706165313722;0.13150822162628173;0.09955370903015137;0.13164787530899047
1000;3;5;200;0.2;10;100;52872.0;33971.07;29407.19;43482.22;46693.74;40998.84;41702.98;44905.35;31322.61;94.67774701118469;0.9500088238716126;0.015957117080688477;0.08676791191101074;0.09175491333007812;0.001515963077545166;0.02317793369293213;0.12908472299575804;0.0014461350440979003;0.40439831256866454;0.0250030517578125;0.13168776273727417;0.09665149927139283;0.1313586163520813
1000;3;5;200;0.2;10;100;53299.0;35441.44;30461.96;42137.94;47617.38;42550.29;42604.28;46890.99;33894.92;95.16245007514954;0.9500088238716126;0.015957117080688477;0.08776521682739258;0.09175467491149902;0.0015857458114624024;0.02316800832748413;0.12947367906570434;0.0014860081672668458;0.4054754304885864;0.02510279655456543;0.13161795377731322;0.09956369400024415;0.13178749322891237
1000;3;5;200;0.2;10;100;52669.0;34433.67;29602.76;42640.69;46754.47;41460.76;41874.8;45264.29;30742.24;95.04277038574219;0.9500088238716126;0.015957117080688477;0.08676791191101074;0.09275197982788086;0.0014960169792175293;0.023187928199768067;0.12893513917922975;0.0015059494972229004;0.405206139087677;0.02502300500869751;0.1313088083267212;0.10009224414825439;0.13114918231964112
1000;3;5;200;0.2;10;100;51966.0;34086.45;29165.04;41260.67;46210.84;41059.67;41274.11;45084.28;31721.56;94.65879726409912;0.9500088238716126;0.015957355499267578;0.0857703685760498;0.09175491333007812;0.0015259313583374024;0.023257784843444824;0.12872565984725953;0.0015259552001953124;0.4035704874992371;0.02495321273803711;0.1311791181564331;0.09815742731094361;0.13130877971649169
1000;3;5;200;0.2;10;100;52605.0;34732.91;29462.1;42031.46;46963.69;41579.59;41655.88;46106.14;33335.92;95.1913731098175;0.9500088238716126;0.015957355499267578;0.08676838874816895;0.09275197982788086;0.0014760541915893556;0.02318793296813965;0.12917448043823243;0.0015159177780151368;0.4046177577972412;0.025132699012756346;0.13152821302413942;0.10151841640472412;0.13123897075653077
1000;3;5;200;0.2;10;100;53184.0;35164.62;30469.21;43212.16;47225.43;41976.95;42170.64;45738.55;31424.25;95.29210352897644;0.9500088238716126;0.015957355499267578;0.08676791191101074;0.09275174140930176;0.0014960002899169923;0.023287656307220458;0.12921435594558717;0.0015857863426208497;0.4047473692893982;0.025072877407073976;0.13178747653961181;0.10197723627090455;0.13126888036727904
1000;3;5;200;0.2;10;100;52999.0;34506.14;29294.45;41879.64;47038.6;41577.9;41935.27;45779.17;31036.53;94.80141592025757;0.9500088238716126;0.015956878662109375;0.08676815032958984;0.09275197982788086;0.0015657877922058106;0.023088240623474122;0.12889521360397338;0.0016655397415161132;0.40406920671463015;0.025192551612854004;0.13145838260650636;0.09863613367080688;0.13102953433990477
1000;3;5;200;0.2;10;100;53481.0;35035.88;30047.91;42859.73;47510.61;41703.38;42316.04;46092.27;30948.81;94.70866394042969;0.9500088238716126;0.015957355499267578;0.08676815032958984;0.09075736999511719;0.001545851230621338;0.023187978267669676;0.12900492668151856;0.0015159273147583008;0.4044082760810852;0.024983136653900145;0.13139853477478028;0.0970703387260437;0.1315182042121887
1000;3;5;200;0.2;10;100;52879.0;34874.37;29737.67;42075.36;46584.85;41646.33;41901.48;44696.3;32536.07;95.19635963439941;0.9500088238716126;0.01495981216430664;0.08776545524597168;0.09175443649291992;0.0015259242057800292;0.023217866420745848;0.1294138240814209;0.0015259289741516113;0.40483713150024414;0.025082857608795167;0.13140849351882936;0.10120927095413208;0.1313287329673767
1000;3;5;200;0.25;10;100;53373.0;30703.93;24798.31;41931.42;47015.77;39406.93;39408.43;45611.23;26708.13;78.70846271514893;0.7847209548950196;0.01994609832763672;0.08876276016235352;0.09275221824645996;0.001466090679168701;0.027057609558105468;0.07212704420089722;0.0014660787582397462;0.4052260971069336;0.029012324810028075;0.07421151638031005;0.09988285064697265;0.07406186580657959
1000;3;5;200;0.25;10;100;53114.0;31659.54;25609.51;43362.88;47724.97;40122.53;40040.07;46347.31;27381.58;78.59277248382568;0.7847209548950196;0.015957355499267578;0.08676791191101074;0.09275174140930176;0.0014860320091247558;0.02718724250793457;0.07204726219177246;0.0015059757232666017;0.404547917842865;0.028952531814575196;0.07409180879592896;0.09963348865509034;0.0740219783782959
1000;3;5;200;0.25;10;100;53003.0;31129.18;24793.77;42038.92;46932.91;39878.53;39527.76;45601.86;26102.6;78.16391944885254;0.7847209548950196;0.015957117080688477;0.08676815032958984;0.09275197982788086;0.0014760899543762207;0.027107443809509277;0.0720572304725647;0.0015359020233154297;0.4046077561378479;0.02903228998184204;0.07403197050094605;0.09516546726226807;0.07422146558761597
1000;3;5;200;0.25;10;100;53733.0;31159.55;25363.29;43260.93;47836.72;40268.04;40266.09;46610.25;27137.74;78.56185531616211;0.7847209548950196;0.015957355499267578;0.08676791191101074;0.09275174140930176;0.0015359020233154297;0.02704761743545532;0.072186918258667;0.0015059781074523925;0.405395610332489;0.028972468376159667;0.07417160272598267;0.0983469295501709;0.0740120267868042
1000;3;5;200;0.25;10;100;53520.5;31683.66;25430.51;41626.16;47844.7;40161.67;39845.15;46786.84;26817.95;78.84609460830688;0.7847209548950196;0.015957355499267578;0.08676791191101074;0.09175443649291992;0.0014660882949829102;0.027097463607788086;0.0720672345161438;0.0016256213188171388;0.40479728221893313;0.02895249366760254;0.07426137924194336;0.10170793294906616;0.07405191659927368
1000;3;5;200;0.25;10;100;53374.0;31080.04;25194.22;44174.56;47390.37;39793.5;39835.35;45630.81;27149.21;77.60541343688965;0.7847209548950196;0.01595759391784668;0.08676791191101074;0.09175443649291992;0.0014960241317749023;0.02705756664276123;0.07200740098953247;0.00151597261428833;0.40474735260009764;0.028932571411132812;0.07429125547409057;0.08952056169509888;0.07400205135345458
1000;3;5;200;0.25;10;100;52750.0;30592.79;25020.95;42488.69;46760.73;39013.29;39104.56;45520.98;27561.43;77.89962673187256;0.7847209548950196;0.01495981216430664;0.08776569366455078;0.09175419807434082;0.0015358829498291016;0.02708754062652588;0.07220678091049194;0.0014562082290649413;0.4039095687866211;0.02896244525909424;0.07404196977615357;0.09351985931396484;0.07387239217758179
1000;3;5;200;0.25;10;100;52580.4;30281.37;24863.32;41513.78;46554.8;38639.52;38710.97;45517.93;27429.54;78.31651139259338;0.7847209548950196;0.015957117080688477;0.08676791191101074;0.09175515174865723;0.0014960193634033204;0.027057580947875977;0.07210712909698486;0.00154585599899292;0.40436841249465943;0.028942523002624513;0.07415164947509766;0.09704045057296753;0.07400203466415406
1000;3;5;200;0.25;10;100;51997.0;29538.42;24449.94;40304.83;46009.85;38048.16;38260.77;44483.81;27372.49;78.19184470176697;0.7847209548950196;0.015957355499267578;0.08776569366455078;0.09275150299072266;0.0015658259391784668;0.027037656307220458;0.07191762447357178;0.0014661145210266113;0.4043284797668457;0.028992404937744142;0.07421149969100953;0.09603310823440551;0.07391227006912232
1000;3;5;200;0.25;10;100;52338.0;30649.36;24823.77;43717.33;46537.41;39142.6;39178.13;45194.93;26468.06;78.66657543182373;0.7847209548950196;0.01595759391784668;0.08676767349243164;0.09175467491149902;0.0014960074424743652;0.027147352695465088;0.0720772099494934;0.0015358877182006835;0.40503658533096315;0.02893258333206177;0.0741316843032837;0.09986288785934448;0.07398211240768432
